MRR@10,NDCG@10,Coverage@10,Novelty@10,Diversity@10,w_hist,w_perf,w_pop
0.0,0.0,0.0037421015253692024,11.807410251015327,0.53378236,0.0,1.0,0.0
0.0,0.0,0.0037815559615653094,11.760031394599086,0.5471748,0.0,0.9,0.1
0.0002222222222222222,0.0006020599913279624,0.004063806928198996,11.550764098666969,0.57688373,0.0,0.8,0.2
0.0034666666666666665,0.005531976968374654,0.004567609728856975,10.72190607485372,0.6678203,0.0,0.7,0.3
0.011805555555555554,0.015594664014975237,0.004734532343532811,9.24733386094285,0.79822284,0.0,0.6,0.4
0.014796825396825397,0.019754598884802105,0.004591889381900732,8.497235580350601,0.82798165,0.0,0.5,0.5
0.015565873015873017,0.02124840140965716,0.004549399989074156,8.310475829577474,0.8253309,0.0,0.4,0.6
0.016761111111111112,0.023075689543868322,0.004528155292660868,8.219493989499517,0.82196116,0.0,0.3,0.7
0.016827777777777775,0.02315897488327308,0.0045190504227694585,8.19877021224413,0.8209063,0.0,0.2,0.8
0.016827777777777775,0.02315897488327308,0.0045160154661389885,8.193604875475211,0.8206929,0.0,0.1,0.9
0.016180158730158732,0.024022765529844257,0.003945443619610676,8.122447367158175,0.8472869,0.0,0.0,1.0
0.0,0.0,0.003921163966566918,11.80274912512957,0.53525764,0.1,0.9,0.0
0.0,0.0,0.004006142752220071,11.748206829381314,0.54862684,0.1,0.8,0.1
0.001707936507936508,0.0031087158177733197,0.004431036680485836,11.303953909464592,0.58392036,0.1,0.7,0.2
0.005938095238095238,0.00962106321598341,0.004904489914839117,10.041499599025924,0.728318,0.1,0.6,0.3
0.01362142857142857,0.01927669391062229,0.004731497386902341,8.724066840844415,0.8110376,0.1,0.5,0.4
0.014741269841269842,0.02069825200691169,0.0046738332109234155,8.302561778833569,0.8184231,0.1,0.4,0.5
0.015772222222222222,0.021985665841212438,0.004661693384401537,8.19852701043398,0.8130286,0.1,0.3,0.6
0.017644444444444445,0.023848867618813337,0.004698112863967174,8.148205017803456,0.81054384,0.1,0.2,0.7
0.01771666666666667,0.024328432707721576,0.004807371302664085,8.114527700392488,0.8070155,0.1,0.1,0.8
0.017883333333333334,0.024880206098932687,0.0051381815753852875,8.079496191133112,0.8079381,0.1,0.0,0.9
0.0002,0.0005781296526357758,0.004282323805592818,11.785960839386043,0.54276365,0.2,0.8,0.0
0.0005079365079365079,0.001268726657994629,0.004619203991574961,11.604480887060573,0.54854435,0.2,0.7,0.1
0.004476984126984127,0.007491925835700442,0.005135146618754818,10.818855941062832,0.60946506,0.2,0.6,0.2
0.013892063492063492,0.02074404765715501,0.005426502455279914,9.300904271726715,0.7622082,0.2,0.5,0.3
0.017151587301587303,0.025077445479685514,0.005053202789732134,8.442700308753949,0.802075,0.2,0.4,0.4
0.016566666666666667,0.024300905870320362,0.004928769567882875,8.21673007920558,0.8064884,0.2,0.3,0.5
0.016511111111111112,0.024693721212906503,0.004901454958208647,8.132200781746427,0.80450094,0.2,0.2,0.6
0.017155555555555556,0.025229527865218714,0.005007678440275089,8.090923509459035,0.8040903,0.2,0.1,0.7
0.017833333333333336,0.024937998504924935,0.005168531141689985,8.070197381625196,0.80537987,0.2,0.0,0.8
0.0010333333333333332,0.0021518971429986063,0.005332418799735352,11.696859659207568,0.531111,0.3,0.7,0.0
0.004026984126984127,0.007639694001654638,0.005821046817240981,11.223637933268478,0.54248124,0.3,0.6,0.1
0.014088888888888889,0.02048275083464134,0.006479632406052918,10.156458068430616,0.64760363,0.3,0.5,0.2
0.017907142857142858,0.025564375914877546,0.006027423868112925,8.884421940600507,0.7535012,0.3,0.4,0.3
0.018200793650793648,0.02678502660703855,0.005538795850607295,8.36506680126958,0.7824885,0.3,0.3,0.4
0.018090476190476188,0.02670918567976387,0.005380978105822868,8.187516059860556,0.78950965,0.3,0.2,0.5
0.01839285714285714,0.0273843434857479,0.005292964363539245,8.108791735737617,0.7950936,0.3,0.1,0.6
0.01694047619047619,0.02545088282719832,0.005329383843104882,8.071941614494111,0.79868674,0.3,0.0,0.7
0.004396825396825397,0.007117211895901993,0.006980400250080426,11.465291815637451,0.49931788,0.4,0.6,0.0
0.016391269841269842,0.02281250112031703,0.00790909697900417,10.809101225295773,0.5208745,0.4,0.5,0.1
0.01847380952380952,0.028497318751146476,0.008267221861399601,9.841770579752119,0.6173975,0.4,0.4,0.2
0.018562698412698413,0.027079418547311426,0.006892386507796803,8.86922132032257,0.7267476,0.4,0.3,0.3
0.01866190476190476,0.0262711611723728,0.006109367697135608,8.416785182751315,0.76067185,0.4,0.2,0.4
0.018775396825396827,0.027704246256212563,0.005784627337675345,8.23725025009145,0.7749468,0.4,0.1,0.5
0.01875873015873016,0.027695755116895204,0.005645019332673736,8.140446480933926,0.7822708,0.4,0.0,0.6
0.01621904761904762,0.02092729307848997,0.009280897375976498,11.272410988450737,0.4628975,0.5,0.5,0.0
0.023899999999999998,0.030592212400985138,0.010030531663702526,10.62201731229106,0.48525286,0.5,0.4,0.1
0.026623809523809522,0.036803373504569345,0.009693651477720383,9.934112434915722,0.5704137,0.5,0.3,0.2
0.021944444444444444,0.03238815225685994,0.008051739940636248,9.15533844264465,0.6724645,0.5,0.2,0.3
0.01934285714285714,0.026439491360428256,0.006783128069099893,8.574206746453958,0.74072915,0.5,0.1,0.4
0.019026190476190474,0.027009129873746672,0.006236835875615338,8.329258069478831,0.75963134,0.5,0.0,0.5
0.021022222222222223,0.025891370922860174,0.010764991168276205,11.175829068361654,0.43497065,0.6,0.4,0.0
0.026166666666666664,0.033663032995502745,0.01082872525751607,10.649520492633492,0.4615606,0.6,0.3,0.1
0.025275396825396826,0.03371220985600585,0.010255118454357287,10.102465763439282,0.533795,0.6,0.2,0.2
0.02358253968253968,0.03467126644823081,0.008901527797167779,9.43623795721044,0.6273693,0.6,0.1,0.3
0.021312698412698408,0.03184253680787063,0.0076116712292181345,8.845816963198805,0.698547,0.6,0.0,0.4
0.02128333333333333,0.02611272588483978,0.01108973152773647,11.141418162000656,0.42264333,0.7,0.3,0.0
0.025946825396825395,0.033508591164233846,0.010971368219148148,10.688448291648982,0.44580188,0.7,0.2,0.1
0.027003968253968252,0.03639603608898429,0.010588963683708959,10.252099931800446,0.50371367,0.7,0.1,0.2
0.025853968253968254,0.036721369696261545,0.009675441737937565,9.729021051322848,0.5830163,0.7,0.0,0.3
0.021324603174603177,0.0261534022214863,0.011132220920563046,11.13355223721998,0.41773215,0.8,0.2,0.0
0.025261111111111113,0.032547018308442414,0.011029032395127073,10.741287764108998,0.4355307,0.8,0.1,0.1
0.025729365079365078,0.034515942915026125,0.010743746471862917,10.377633565344599,0.48375112,0.8,-0.0,0.2
0.021694444444444443,0.026055748864165743,0.011120081094041166,11.133061924643181,0.4146084,0.9,0.1,0.0
0.024502380952380953,0.031906500966612024,0.011056347004801301,10.778118932719106,0.43129405,0.9,-0.0,0.1
0.022194444444444444,0.0263933829660267,0.011144360747084924,11.128922663451734,0.41389182,1.0,0.0,0.0
